{
  "providers": {
    "awscloudformation": {
      "AuthRoleName": "amplify-amplifyreact-dev-173501-authRole",
      "UnauthRoleArn": "arn:aws:iam::082485884016:role/amplify-amplifyreact-dev-173501-unauthRole",
      "AuthRoleArn": "arn:aws:iam::082485884016:role/amplify-amplifyreact-dev-173501-authRole",
      "Region": "eu-west-3",
      "DeploymentBucketName": "amplify-amplifyreact-dev-173501-deployment",
      "UnauthRoleName": "amplify-amplifyreact-dev-173501-unauthRole",
      "StackName": "amplify-amplifyreact-dev-173501",
      "StackId": "arn:aws:cloudformation:eu-west-3:082485884016:stack/amplify-amplifyreact-dev-173501/90eac170-e740-11ec-9d13-0ed7679a8d78",
      "AmplifyAppId": "d1ahwfqu7svk3k"
    }
  },
  "auth": {
    "amplifyreact45089f12": {
      "service": "Cognito",
      "providerPlugin": "awscloudformation",
      "dependsOn": [],
      "customAuth": false,
      "frontendAuthConfig": {
        "socialProviders": [],
        "usernameAttributes": [
          "EMAIL"
        ],
        "signupAttributes": [
          "EMAIL"
        ],
        "passwordProtectionSettings": {
          "passwordPolicyMinLength": 8,
          "passwordPolicyCharacters": []
        },
        "mfaConfiguration": "OFF",
        "mfaTypes": [
          "SMS"
        ],
        "verificationMechanisms": [
          "EMAIL"
        ]
      },
      "providerMetadata": {
        "s3TemplateURL": "https://s3.amazonaws.com/amplify-amplifyreact-dev-173501-deployment/amplify-cfn-templates/auth/amplifyreact45089f12-cloudformation-template.json",
        "logicalId": "authamplifyreact45089f12"
      },
      "lastPushTimeStamp": "2022-06-08T15:39:55.457Z",
      "output": {
        "UserPoolId": "eu-west-3_7sabuqxi9",
        "AppClientIDWeb": "440o40cl4ajp6gr2sqmrtb6mj0",
        "AppClientID": "544utvi6uo3cikc0t9p3kruu7j",
        "IdentityPoolId": "eu-west-3:b7e3ea90-8e79-4174-b1fd-c61394fd32a6",
        "UserPoolArn": "arn:aws:cognito-idp:eu-west-3:082485884016:userpool/eu-west-3_7sabuqxi9",
        "IdentityPoolName": "amplifyreact45089f12_identitypool_45089f12__dev",
        "UserPoolName": "amplifyreact45089f12_userpool_45089f12"
      },
      "lastPushDirHash": "3YxOS3ttmOaK4fxFeanQ3H2oRJM="
    }
  }
}