{
  "dev": {
    "awscloudformation": {
      "AuthRoleName": "amplify-amplifyreact-dev-173501-authRole",
      "UnauthRoleArn": "arn:aws:iam::082485884016:role/amplify-amplifyreact-dev-173501-unauthRole",
      "AuthRoleArn": "arn:aws:iam::082485884016:role/amplify-amplifyreact-dev-173501-authRole",
      "Region": "eu-west-3",
      "DeploymentBucketName": "amplify-amplifyreact-dev-173501-deployment",
      "UnauthRoleName": "amplify-amplifyreact-dev-173501-unauthRole",
      "StackName": "amplify-amplifyreact-dev-173501",
      "StackId": "arn:aws:cloudformation:eu-west-3:082485884016:stack/amplify-amplifyreact-dev-173501/90eac170-e740-11ec-9d13-0ed7679a8d78",
      "AmplifyAppId": "d1ahwfqu7svk3k"
    },
    "categories": {
      "auth": {
        "amplifyreact45089f12": {}
      }
    }
  }
}